Animal_ID,Dam_ID,RNA_ID,Condition,Peptide_exposure,Sex,Collection_date,RNA_seq_batch,Sequencing_date,mRNA_enrichment_method,RNA_isolation_batch,Illumina_index,Sequencing_Lane,Bioanalyzer conc. 10x dil [pg/ul] (200 - 1000 bp),Bioanalyzer conc. original [ng/ul] (200 - 1000 bp),Molarity 10x dil [pmol/l],Molarity original [nmol/l]
3_3_1,3_3,1,Ctrl,None,F,06_2016,1,01_2020,rRNA_depletion,1,1,1,6892.71,68.9271,33170.1,331.701
3_3_2,3_3,2,Ctrl,None,M,06_2016,1,01_2020,rRNA_depletion,1,1,2,7943.86,79.4386,22024.8,220.248
3_3_3,3_3,3,Ctrl,None,M,06_2016,1,01_2020,rRNA_depletion,1,3,1,8095.51,80.9551,39373.9,393.739
3_3_4,3_3,4,Ctrl,None,F,06_2016,1,01_2020,rRNA_depletion,2,4,1,8278.66,82.7866,39978.8,399.788
3_3_5,3_3,5,Ctrl,None,F,06_2016,1,01_2020,rRNA_depletion,2,4,2,7274.81,72.7481,34938.2,349.382
3_3_6,3_3,6,Ctrl,None,F,06_2016,1,01_2020,rRNA_depletion,3,2,2,8179.06,81.7906,53772,537.72
3_3_7,3_3,7,Ctrl,None,F,06_2016,1,01_2020,rRNA_depletion,3,3,2,8163.71,81.6371,32481.7,324.817
3_3_8,3_3,8,Ctrl,None,M,06_2016,1,01_2020,rRNA_depletion,3,2,1,7028.53,70.2853,41086.5,410.865
3_4_9,3_4,9,MAR,"LDHA/B, CRMP1, STIP1",M,06_2016,1,01_2020,rRNA_depletion,2,5,2,4559.8,45.598,29446.1,294.461
3_4_10,3_4,10,MAR,"LDHA/B, CRMP1, STIP1",M,06_2016,1,01_2020,rRNA_depletion,2,5,1,7124.69,71.2469,35626.8,356.268
3_4_11,3_4,11,MAR,"LDHA/B, CRMP1, STIP1",M,06_2016,1,01_2020,rRNA_depletion,3,6,1,10569.48,105.6948,41625.3,416.253
3_4_12,3_4,12,MAR,"LDHA/B, CRMP1, STIP1",F,06_2016,1,01_2020,rRNA_depletion,1,7,1,6217.95,62.1795,42608,426.08
3_4_13,3_4,13,MAR,"LDHA/B, CRMP1, STIP1",F,06_2016,1,01_2020,rRNA_depletion,1,7,2,5715.83,57.1583,39883.6,398.836
3_4_14,3_4,14,MAR,"LDHA/B, CRMP1, STIP1",F,06_2016,1,01_2020,rRNA_depletion,2,8,1,7765.7,77.657,35645,356.45
3_4_15,3_4,15,MAR,"LDHA/B, CRMP1, STIP1",M,06_2016,1,01_2020,rRNA_depletion,3,6,2,6398.4,63.984,33373.5,333.735
IgG1_1,IgG1,16,Ctrl,None,M,07_2021,2,11_2021,polyA_enrichment,NA,NA,NA,NA,NA,NA,NA
IgG1_2,IgG1,17,Ctrl,None,M,07_2021,2,11_2021,polyA_enrichment,NA,NA,NA,NA,NA,NA,NA
IgG1_3,IgG1,18,Ctrl,None,F,07_2021,2,11_2021,polyA_enrichment,NA,NA,NA,NA,NA,NA,NA
IgG1_4,IgG1,19,Ctrl,None,F,07_2021,2,11_2021,polyA_enrichment,NA,NA,NA,NA,NA,NA,NA
IgG2_1,IgG2,20,Ctrl,None,M,07_2021,2,11_2021,polyA_enrichment,NA,NA,NA,NA,NA,NA,NA
IgG2_2,IgG2,21,Ctrl,None,M,07_2021,2,11_2021,polyA_enrichment,NA,NA,NA,NA,NA,NA,NA
IgG2_3,IgG2,22,Ctrl,None,F,07_2021,2,11_2021,polyA_enrichment,NA,NA,NA,NA,NA,NA,NA
IgG2_4,IgG2,23,Ctrl,None,F,07_2021,2,11_2021,polyA_enrichment,NA,NA,NA,NA,NA,NA,NA
RNA4_1,RNA4,24,Ctrl,None,M,07_2021,2,11_2021,polyA_enrichment,NA,NA,NA,NA,NA,NA,NA
RNA4_2,RNA4,25,Ctrl,None,M,07_2021,2,11_2021,polyA_enrichment,NA,NA,NA,NA,NA,NA,NA
RNA4_3,RNA4,26,Ctrl,None,F,07_2021,2,11_2021,polyA_enrichment,NA,NA,NA,NA,NA,NA,NA
RNA4_4,RNA4,27,Ctrl,None,F,07_2021,2,11_2021,polyA_enrichment,NA,NA,NA,NA,NA,NA,NA
IgG3_1,IgG3,28,MAR,"LDHA/B, CRMP1, STIP1",M,07_2021,2,11_2021,polyA_enrichment,NA,NA,NA,NA,NA,NA,NA
IgG3_2,IgG3,29,MAR,"LDHA/B, CRMP1, STIP1",M,07_2021,2,11_2021,polyA_enrichment,NA,NA,NA,NA,NA,NA,NA
IgG3_3,IgG3,30,MAR,"LDHA/B, CRMP1, STIP1",F,07_2021,2,11_2021,polyA_enrichment,NA,NA,NA,NA,NA,NA,NA
IgG3_4,IgG3,31,MAR,"LDHA/B, CRMP1, STIP1",F,07_2021,2,11_2021,polyA_enrichment,NA,NA,NA,NA,NA,NA,NA
FcRn4_1,FcRn4,32,MAR,"LDHA/B, CRMP1, STIP1",M,07_2021,2,11_2021,polyA_enrichment,NA,NA,NA,NA,NA,NA,NA
FcRn4_2,FcRn4,33,MAR,"LDHA/B, CRMP1, STIP1",M,07_2021,2,11_2021,polyA_enrichment,NA,NA,NA,NA,NA,NA,NA
FcRn4_3,FcRn4,34,MAR,"LDHA/B, CRMP1, STIP1",F,07_2021,2,11_2021,polyA_enrichment,NA,NA,NA,NA,NA,NA,NA
FcRn4_4,FcRn4,35,MAR,"LDHA/B, CRMP1, STIP1",F,07_2021,2,11_2021,polyA_enrichment,NA,NA,NA,NA,NA,NA,NA
RNA1_1,RNA1,36,MAR,"LDHA/B, CRMP1, STIP1",M,07_2021,2,11_2021,polyA_enrichment,NA,NA,NA,NA,NA,NA,NA
RNA1_2,RNA1,37,MAR,"LDHA/B, CRMP1, STIP1",M,07_2021,2,11_2021,polyA_enrichment,NA,NA,NA,NA,NA,NA,NA
RNA1_3,RNA1,38,MAR,"LDHA/B, CRMP1, STIP1",F,07_2021,2,11_2021,polyA_enrichment,NA,NA,NA,NA,NA,NA,NA
RNA1_4,RNA1,39,MAR,"LDHA/B, CRMP1, STIP1",F,07_2021,2,11_2021,polyA_enrichment,NA,NA,NA,NA,NA,NA,NA
RNA2_1,RNA2,40,MAR,"LDHA/B, CRMP1, STIP1",M,07_2021,2,11_2021,polyA_enrichment,NA,NA,NA,NA,NA,NA,NA
RNA2_2,RNA2,41,MAR,"LDHA/B, CRMP1, STIP1",M,07_2021,2,11_2021,polyA_enrichment,NA,NA,NA,NA,NA,NA,NA
RNA2_3,RNA2,42,MAR,"LDHA/B, CRMP1, STIP1",F,07_2021,2,11_2021,polyA_enrichment,NA,NA,NA,NA,NA,NA,NA
RNA2_4,RNA2,43,MAR,"LDHA/B, CRMP1, STIP1",F,07_2021,2,11_2021,polyA_enrichment,NA,NA,NA,NA,NA,NA,NA
